Level;Treebank file;Text file
Native;10017_20000413.tbf;data/native/10017_20000413.txt
Native;10044_20000313.tbf;data/native/10044_20000313.txt
Native;10049_20001114.tbf;data/native/10049_20001114.txt
Native;10055_20000713.tbf;data/native/10055_20000713.txt
Native;10080_20000914.tbf;data/native/10080_20000914.txt
Native;10084_20000313_1.tbf;data/native/10084_20000313_1.txt
Native;10084_20000313_2.tbf;data/native/10084_20000313_2.txt
Native;10127_20001013_1.tbf;data/native/10127_20001013_1.txt
Native;10127_20001013_2.tbf;data/native/10127_20001013_2.txt
Native;10127_20001013_3.tbf;data/native/10127_20001013_3.txt
Native;10150_20001114_1.tbf;data/native/10150_20001114_1.txt
Native;10150_20001114_2.tbf;data/native/10150_20001114_2.txt
Native;10150_20001114_3.tbf;data/native/10150_20001114_3.txt
Native;10150_20001114_4.tbf;data/native/10150_20001114_4.txt
Native;10150_20001114_5.tbf;data/native/10150_20001114_5.txt
Native;10168_20000212.tbf;data/native/10168_20000212.txt
Native;10209_20001114.tbf;data/native/10209_20001114.txt
Native;10226_20000714.tbf;data/native/10226_20000714.txt
Native;10242_20000816_1.tbf;data/native/10242_20000816_1.txt
Native;10242_20000816_2.tbf;data/native/10242_20000816_2.txt
Native;10242_20000816_3.tbf;data/native/10242_20000816_3.txt
Native;10268_20000413_1.tbf;data/native/10268_20000413_1.txt
Native;10268_20000413_2.tbf;data/native/10268_20000413_2.txt
Native;10295_20000613_1.tbf;data/native/10295_20000613_1.txt
Native;10295_20000613_2.tbf;data/native/10295_20000613_2.txt
Native;10376_20001114_1.tbf;data/native/10376_20001114_1.txt
Native;10376_20001114_2.tbf;data/native/10376_20001114_2.txt
Native;10409_20000413.tbf;data/native/10409_20000413.txt
Native;10477_20001114.tbf;data/native/10477_20001114.txt
Native;104_C-4.tbf;data/native/104_C-4.txt
Native;104_C-5.tbf;data/native/104_C-5.txt
Native;104_C-6.tbf;data/native/104_C-6.txt
Native;104_c-1.tbf;data/native/104_c-1.txt
Native;104_c-2.tbf;data/native/104_c-2.txt
Native;104_c-3.tbf;data/native/104_c-3.txt
Native;10568_20001013_1.tbf;data/native/10568_20001013_1.txt
Native;10568_20001013_2.tbf;data/native/10568_20001013_2.txt
Native;10583_20000714.tbf;data/native/10583_20000714.txt
Native;10585_20000213.tbf;data/native/10585_20000213.txt
Native;10585_20000313.tbf;data/native/10585_20000313.txt
Native;10591_20001013_1.tbf;data/native/10591_20001013_1.txt
Native;10591_20001013_2.tbf;data/native/10591_20001013_2.txt
Native;10646_20000313.tbf;data/native/10646_20000313.txt
Native;10656_20001214.tbf;data/native/10656_20001214.txt
Native;10664_20000117.tbf;data/native/10664_20000117.txt
Native;10872_20001214.tbf;data/native/10872_20001214.txt
Native;10920_20001115.tbf;data/native/10920_20001115.txt
Native;10938_20000214.tbf;data/native/10938_20000214.txt
Native;10952_20000714.tbf;data/native/10952_20000714.txt
Native;11011_20000914.tbf;data/native/11011_20000914.txt
Native;11033_20000817_1.tbf;data/native/11033_20000817_1.txt
Native;11033_20000817_2.tbf;data/native/11033_20000817_2.txt
Native;11084_20001014_1.tbf;data/native/11084_20001014_1.txt
Native;11084_20001014_2.tbf;data/native/11084_20001014_2.txt
Native;11099_20000915.tbf;data/native/11099_20000915.txt
Native;11177_20000817.tbf;data/native/11177_20000817.txt
Native;111_C-1.tbf;data/native/111_C-1.txt
Native;111_C-2.tbf;data/native/111_C-2.txt
Native;111_C-3.tbf;data/native/111_C-3.txt
Native;111_C-4.tbf;data/native/111_C-4.txt
Native;111_C-5.tbf;data/native/111_C-5.txt
Native;111_C-6.tbf;data/native/111_C-6.txt
Native;111_C-7.tbf;data/native/111_C-7.txt
Native;11317_20000817.tbf;data/native/11317_20000817.txt
Native;11456_20000715_0.tbf;data/native/11456_20000715_0.txt
Native;11456_20000715_1.tbf;data/native/11456_20000715_1.txt
Native;11465_20000214.tbf;data/native/11465_20000214.txt
Native;11470_20000515_1.tbf;data/native/11470_20000515_1.txt
Native;11470_20000515_2.tbf;data/native/11470_20000515_2.txt
Native;11476_20000614.tbf;data/native/11476_20000614.txt
Native;11553_20000817.tbf;data/native/11553_20000817.txt
Native;11598_20000715.tbf;data/native/11598_20000715.txt
Native;11714_20000314_1.tbf;data/native/11714_20000314_1.txt
Native;11714_20000314_2.tbf;data/native/11714_20000314_2.txt
Native;11811_20000516_1.tbf;data/native/11811_20000516_1.txt
Native;11811_20000516_2.tbf;data/native/11811_20000516_2.txt
Native;11977_20000215_1.tbf;data/native/11977_20000215_1.txt
Native;11977_20000215_2.tbf;data/native/11977_20000215_2.txt
Native;11981_20001215.tbf;data/native/11981_20001215.txt
Native;12000_20000415.tbf;data/native/12000_20000415.txt
Native;12163_20000415.tbf;data/native/12163_20000415.txt
Native;12221_20000215.tbf;data/native/12221_20000215.txt
Native;12375_20000119_1.tbf;data/native/12375_20000119_1.txt
Native;12375_20000119_2.tbf;data/native/12375_20000119_2.txt
Native;12375_20000119_3.tbf;data/native/12375_20000119_3.txt
Native;12406_20000916.tbf;data/native/12406_20000916.txt
Native;12432_20000416.tbf;data/native/12432_20000416.txt
Native;12469_20001216.tbf;data/native/12469_20001216.txt
Native;12547_20000119.tbf;data/native/12547_20000119.txt
Native;12584_20001016.tbf;data/native/12584_20001016.txt
Native;12624_20000216.tbf;data/native/12624_20000216.txt
Native;12633_20000315.tbf;data/native/12633_20000315.txt
Native;1267_20000103_1.tbf;data/native/1267_20000103_1.txt
Native;1267_20000103_2.tbf;data/native/1267_20000103_2.txt
Native;12746_20000615.tbf;data/native/12746_20000615.txt
Native;12803_20000416_1.tbf;data/native/12803_20000416_1.txt
Native;12803_20000416_2.tbf;data/native/12803_20000416_2.txt
Native;12812_20001116.tbf;data/native/12812_20001116.txt
Native;12863_20001116.tbf;data/native/12863_20001116.txt
Native;12873_20000819.tbf;data/native/12873_20000819.txt
Native;12967_20000417.tbf;data/native/12967_20000417.txt
Native;13026_20001117.tbf;data/native/13026_20001117.txt
Native;13108_20000120.tbf;data/native/13108_20000120.txt
Native;13146_20000216_1.tbf;data/native/13146_20000216_1.txt
Native;13146_20000216_2.tbf;data/native/13146_20000216_2.txt
Native;13150_20000316_1.tbf;data/native/13150_20000316_1.txt
Native;13150_20000316_2.tbf;data/native/13150_20000316_2.txt
Native;13169_20001017.tbf;data/native/13169_20001017.txt
Native;13241_20000216_1.tbf;data/native/13241_20000216_1.txt
Native;13241_20000216_2.tbf;data/native/13241_20000216_2.txt
Native;13252_20000216.tbf;data/native/13252_20000216.txt
Native;1329_20000703.tbf;data/native/1329_20000703.txt
Native;13476_20000120_1.tbf;data/native/13476_20000120_1.txt
Native;13476_20000120_2.tbf;data/native/13476_20000120_2.txt
Native;13507_20000918.tbf;data/native/13507_20000918.txt
Native;13555_20001218.tbf;data/native/13555_20001218.txt
Native;13703_20000518_1.tbf;data/native/13703_20000518_1.txt
Native;13703_20000518_2.tbf;data/native/13703_20000518_2.txt
Native;13703_20000518_3.tbf;data/native/13703_20000518_3.txt
Native;13710_20001017_1.tbf;data/native/13710_20001017_1.txt
Native;13710_20001017_2.tbf;data/native/13710_20001017_2.txt
Native;13738_20000217_1.tbf;data/native/13738_20000217_1.txt
Native;13738_20000217_2.tbf;data/native/13738_20000217_2.txt
Native;13738_20000217_3.tbf;data/native/13738_20000217_3.txt
Native;13774_20000718.tbf;data/native/13774_20000718.txt
Native;13789_20000317.tbf;data/native/13789_20000317.txt
Native;13809_20001018_1.tbf;data/native/13809_20001018_1.txt
Native;13809_20001018_2.tbf;data/native/13809_20001018_2.txt
Native;13809_20001018_3.tbf;data/native/13809_20001018_3.txt
Native;13810_20000617.tbf;data/native/13810_20000617.txt
Native;13853_20000918_1.tbf;data/native/13853_20000918_1.txt
Native;13853_20000918_2.tbf;data/native/13853_20000918_2.txt
Native;13928_20000317_1.tbf;data/native/13928_20000317_1.txt
Native;13928_20000317_2.tbf;data/native/13928_20000317_2.txt
Native;13959_20000217_1.tbf;data/native/13959_20000217_1.txt
Native;13959_20000217_2.tbf;data/native/13959_20000217_2.txt
Native;13968_20000317_1.tbf;data/native/13968_20000317_1.txt
Native;13968_20000317_2.tbf;data/native/13968_20000317_2.txt
Native;13973_20000518_1.tbf;data/native/13973_20000518_1.txt
Native;13973_20000518_2.tbf;data/native/13973_20000518_2.txt
Native;14013_20000120_1.tbf;data/native/14013_20000120_1.txt
Native;14013_20000120_2.tbf;data/native/14013_20000120_2.txt
Native;14149_20001118.tbf;data/native/14149_20001118.txt
Native;14234_20000217_1.tbf;data/native/14234_20000217_1.txt
Native;14234_20000217_2.tbf;data/native/14234_20000217_2.txt
Native;14291_20000518.tbf;data/native/14291_20000518.txt
Native;14332_20000618_1.tbf;data/native/14332_20000618_1.txt
Native;14332_20000618_2.tbf;data/native/14332_20000618_2.txt
Native;14332_20000618_3.tbf;data/native/14332_20000618_3.txt
Native;14353_20000618.tbf;data/native/14353_20000618.txt
Native;14423_20000317.tbf;data/native/14423_20000317.txt
Native;14479_20000418.tbf;data/native/14479_20000418.txt
Native;14498_20000121.tbf;data/native/14498_20000121.txt
Native;14620_20000318.tbf;data/native/14620_20000318.txt
Native;14635_20000121_1.tbf;data/native/14635_20000121_1.txt
Native;14635_20000121_2.tbf;data/native/14635_20000121_2.txt
Native;14699_20001018.tbf;data/native/14699_20001018.txt
Native;14709_20000419.tbf;data/native/14709_20000419.txt
Native;14710_20000218_1.tbf;data/native/14710_20000218_1.txt
Native;14710_20000218_2.tbf;data/native/14710_20000218_2.txt
Native;14713_20001219.tbf;data/native/14713_20001219.txt
Native;14736_20000618_1.tbf;data/native/14736_20000618_1.txt
Native;14736_20000618_2.tbf;data/native/14736_20000618_2.txt
Native;14819_20000121.tbf;data/native/14819_20000121.txt
Native;14827_20000719_1.tbf;data/native/14827_20000719_1.txt
Native;14827_20000719_2.tbf;data/native/14827_20000719_2.txt
Native;14827_20000719_3.tbf;data/native/14827_20000719_3.txt
Native;14943_20001019_1.tbf;data/native/14943_20001019_1.txt
Native;14943_20001019_2.tbf;data/native/14943_20001019_2.txt
Native;14944_20000318_1.tbf;data/native/14944_20000318_1.txt
Native;14944_20000318_2.tbf;data/native/14944_20000318_2.txt
Native;14966_20000318_1.tbf;data/native/14966_20000318_1.txt
Native;14966_20000318_2.tbf;data/native/14966_20000318_2.txt
Native;15021_20000218_1.tbf;data/native/15021_20000218_1.txt
Native;15021_20000218_2.tbf;data/native/15021_20000218_2.txt
Native;15026_20001019_1.tbf;data/native/15026_20001019_1.txt
Native;15026_20001019_2.tbf;data/native/15026_20001019_2.txt
Native;1506_20001003_1.tbf;data/native/1506_20001003_1.txt
Native;1506_20001003_2.tbf;data/native/1506_20001003_2.txt
Native;15071_20000218.tbf;data/native/15071_20000218.txt
Native;1508_20000403.tbf;data/native/1508_20000403.txt
Native;15197_20000823.tbf;data/native/15197_20000823.txt
Native;15209_20001220.tbf;data/native/15209_20001220.txt
Native;15287_20001120.tbf;data/native/15287_20001120.txt
Native;15311_20001220.tbf;data/native/15311_20001220.txt
Native;15346_20000420.tbf;data/native/15346_20000420.txt
Native;15355_20001120_1.tbf;data/native/15355_20001120_1.txt
Native;15355_20001120_2.tbf;data/native/15355_20001120_2.txt
Native;15362_20001120.tbf;data/native/15362_20001120.txt
Native;15386_20000720.tbf;data/native/15386_20000720.txt
Native;1538_20001103_0.tbf;data/native/1538_20001103_0.txt
Native;1538_20001103_1.tbf;data/native/1538_20001103_1.txt
Native;15392_20001220_0.tbf;data/native/15392_20001220_0.txt
Native;15392_20001220_1.tbf;data/native/15392_20001220_1.txt
Native;15533_20000319.tbf;data/native/15533_20000319.txt
Native;15595_20000920_0.tbf;data/native/15595_20000920_0.txt
Native;15595_20000920_1.tbf;data/native/15595_20000920_1.txt
Native;15595_20000920_2.tbf;data/native/15595_20000920_2.txt
Native;15595_20000920_3.tbf;data/native/15595_20000920_3.txt
Native;15624_20001019_0.tbf;data/native/15624_20001019_0.txt
Native;15624_20001019_1.tbf;data/native/15624_20001019_1.txt
Native;15630_20001120_0.tbf;data/native/15630_20001120_0.txt
Native;15630_20001120_1.tbf;data/native/15630_20001120_1.txt
Native;15776_20000320_0.tbf;data/native/15776_20000320_0.txt
Native;15776_20000320_1.tbf;data/native/15776_20000320_1.txt
Native;15780_20000620_0.tbf;data/native/15780_20000620_0.txt
Native;15780_20000620_1.tbf;data/native/15780_20000620_1.txt
Native;15786_20001220.tbf;data/native/15786_20001220.txt
Native;15801_20000123_0.tbf;data/native/15801_20000123_0.txt
Native;15801_20000123_1.tbf;data/native/15801_20000123_1.txt
Native;15801_20000123_2.tbf;data/native/15801_20000123_2.txt
Native;15839_20000123.tbf;data/native/15839_20000123.txt
Native;15871_20001121_0.tbf;data/native/15871_20001121_0.txt
Native;15871_20001121_1.tbf;data/native/15871_20001121_1.txt
Native;1587_20000703.tbf;data/native/1587_20000703.txt
Native;1592_20001203_0.tbf;data/native/1592_20001203_0.txt
Native;1592_20001203_1.tbf;data/native/1592_20001203_1.txt
Native;15931_20000320.tbf;data/native/15931_20000320.txt
Native;15989_20001221_0.tbf;data/native/15989_20001221_0.txt
Native;15989_20001221_1.tbf;data/native/15989_20001221_1.txt
Native;1617_20000703.tbf;data/native/1617_20000703.txt
Native;16182_20000220_0.tbf;data/native/16182_20000220_0.txt
Native;16182_20000220_1.tbf;data/native/16182_20000220_1.txt
Native;16182_20000220_2.tbf;data/native/16182_20000220_2.txt
Native;16182_20001121_0.tbf;data/native/16182_20001121_0.txt
Native;16182_20001121_1.tbf;data/native/16182_20001121_1.txt
Native;16210_20000520.tbf;data/native/16210_20000520.txt
Native;16223_20000520_0.tbf;data/native/16223_20000520_0.txt
Native;16223_20000520_1.tbf;data/native/16223_20000520_1.txt
Native;16223_20001020.tbf;data/native/16223_20001020.txt
Native;16230_20000220_0.tbf;data/native/16230_20000220_0.txt
Native;16230_20000220_1.tbf;data/native/16230_20000220_1.txt
Native;16230_20000220_2.tbf;data/native/16230_20000220_2.txt
Native;16468_20000521_0.tbf;data/native/16468_20000521_0.txt
Native;16468_20000521_1.tbf;data/native/16468_20000521_1.txt
Native;16529_20001121.tbf;data/native/16529_20001121.txt
Native;16532_20001020.tbf;data/native/16532_20001020.txt
Native;16545_20000620.tbf;data/native/16545_20000620.txt
Native;16563_20001121.tbf;data/native/16563_20001121.txt
Native;16572_20000320_0.tbf;data/native/16572_20000320_0.txt
Native;16572_20000320_1.tbf;data/native/16572_20000320_1.txt
Native;16577_20000320_0.tbf;data/native/16577_20000320_0.txt
Native;16577_20000320_1.tbf;data/native/16577_20000320_1.txt
Native;16686_20000221_0.tbf;data/native/16686_20000221_0.txt
Native;16686_20000221_1.tbf;data/native/16686_20000221_1.txt
Native;16686_20000221_2.tbf;data/native/16686_20000221_2.txt
Native;16712_20000825.tbf;data/native/16712_20000825.txt
Native;16730_20000221_0.tbf;data/native/16730_20000221_0.txt
Native;16730_20000221_1.tbf;data/native/16730_20000221_1.txt
Native;16786_20000221.tbf;data/native/16786_20000221.txt
Native;16807_20000522.tbf;data/native/16807_20000522.txt
Native;16816_20000221.tbf;data/native/16816_20000221.txt
Native;16875_20000321_0.tbf;data/native/16875_20000321_0.txt
Native;16875_20000321_1.tbf;data/native/16875_20000321_1.txt
Native;1687_20000503.tbf;data/native/1687_20000503.txt
Native;16977_20000722_0.tbf;data/native/16977_20000722_0.txt
Native;16977_20000722_1.tbf;data/native/16977_20000722_1.txt
Native;16986_20000621.tbf;data/native/16986_20000621.txt
Native;17012_20000221.tbf;data/native/17012_20000221.txt
Native;17037_20000423_0.tbf;data/native/17037_20000423_0.txt
Native;17037_20000423_1.tbf;data/native/17037_20000423_1.txt
Native;17069_20000423_0.tbf;data/native/17069_20000423_0.txt
Native;17069_20000423_1.tbf;data/native/17069_20000423_1.txt
Native;17070_20000321_0.tbf;data/native/17070_20000321_0.txt
Native;17116_20000722_0.tbf;data/native/17116_20000722_0.txt
Native;17116_20000722_1.tbf;data/native/17116_20000722_1.txt
Native;17124_20001122_0.tbf;data/native/17124_20001122_0.txt
Native;17124_20001122_1.tbf;data/native/17124_20001122_1.txt
Native;17142_20000321_0.tbf;data/native/17142_20000321_0.txt
Native;17142_20000321_1.tbf;data/native/17142_20000321_1.txt
Native;17195_20001021_0.tbf;data/native/17195_20001021_0.txt
Native;17195_20001021_1.tbf;data/native/17195_20001021_1.txt
Native;17231_20001122.tbf;data/native/17231_20001122.txt
Native;17235_20000522_0.tbf;data/native/17235_20000522_0.txt
Native;17235_20000522_1.tbf;data/native/17235_20000522_1.txt
Native;17249_20001021.tbf;data/native/17249_20001021.txt
Native;17278_20000321.tbf;data/native/17278_20000321.txt
Native;17317_20000221_0.tbf;data/native/17317_20000221_0.txt
Native;17317_20000221_1.tbf;data/native/17317_20000221_1.txt
Native;17384_20000221.tbf;data/native/17384_20000221.txt
Native;17451_20000522_0.tbf;data/native/17451_20000522_0.txt
Native;17451_20000522_1.tbf;data/native/17451_20000522_1.txt
Native;17472_20001022_0.tbf;data/native/17472_20001022_0.txt
Native;17472_20001022_1.tbf;data/native/17472_20001022_1.txt
Native;17472_20001022_2.tbf;data/native/17472_20001022_2.txt
Native;17482_20000621.tbf;data/native/17482_20000621.txt
Native;17516_20000722.tbf;data/native/17516_20000722.txt
Native;17638_20000322.tbf;data/native/17638_20000322.txt
Native;17655_20000125_0.tbf;data/native/17655_20000125_0.txt
Native;17655_20000125_1.tbf;data/native/17655_20000125_1.txt
Native;17704_20000522_0.tbf;data/native/17704_20000522_0.txt
Native;17704_20000522_1.tbf;data/native/17704_20000522_1.txt
Native;17715_20001022.tbf;data/native/17715_20001022.txt
Native;17745_20000322.tbf;data/native/17745_20000322.txt
Native;17784_20000125_0.tbf;data/native/17784_20000125_0.txt
Native;17784_20000125_1.tbf;data/native/17784_20000125_1.txt
Native;17821_20001223.tbf;data/native/17821_20001223.txt
Native;17865_20001223_0.tbf;data/native/17865_20001223_0.txt
Native;17865_20001223_1.tbf;data/native/17865_20001223_1.txt
Native;17865_20001223_2.tbf;data/native/17865_20001223_2.txt
Native;17865_20001223_3.tbf;data/native/17865_20001223_3.txt
Native;17887_20000622.tbf;data/native/17887_20000622.txt
Native;17909_20000222.tbf;data/native/17909_20000222.txt
Native;17928_20000622.tbf;data/native/17928_20000622.txt
Native;17937_20000723.tbf;data/native/17937_20000723.txt
Native;17984_20000222.tbf;data/native/17984_20000222.txt
Native;17992_20001022_0.tbf;data/native/17992_20001022_0.txt
Native;17992_20001022_1.tbf;data/native/17992_20001022_1.txt
Native;18213_20000828.tbf;data/native/18213_20000828.txt
Native;18351_20000724_0.tbf;data/native/18351_20000724_0.txt
Native;18351_20000724_1.tbf;data/native/18351_20000724_1.txt
Native;18375_20000922.tbf;data/native/18375_20000922.txt
Native;18381_20000322_0.tbf;data/native/18381_20000322_0.txt
Native;18381_20000322_1.tbf;data/native/18381_20000322_1.txt
Native;18451_20000425.tbf;data/native/18451_20000425.txt
Native;18465_20001023_0.tbf;data/native/18465_20001023_0.txt
Native;18465_20001023_1.tbf;data/native/18465_20001023_1.txt
Native;18483_20000126_0.tbf;data/native/18483_20000126_0.txt
Native;18483_20000126_1.tbf;data/native/18483_20000126_1.txt
Native;18485_20000724.tbf;data/native/18485_20000724.txt
Native;18549_20000922_0.tbf;data/native/18549_20000922_0.txt
Native;18549_20000922_1.tbf;data/native/18549_20000922_1.txt
Native;18587_20000622_0.tbf;data/native/18587_20000622_0.txt
Native;18587_20000622_1.tbf;data/native/18587_20000622_1.txt
Native;18656_20000126.tbf;data/native/18656_20000126.txt
Native;18701_20000922_0.tbf;data/native/18701_20000922_0.txt
Native;18701_20000922_1.tbf;data/native/18701_20000922_1.txt
Native;18733_20000223_0.tbf;data/native/18733_20000223_0.txt
Native;18733_20000223_1.tbf;data/native/18733_20000223_1.txt
Native;18813_20000223.tbf;data/native/18813_20000223.txt
Native;18827_20000323.tbf;data/native/18827_20000323.txt
Native;18886_20000323.tbf;data/native/18886_20000323.txt
Native;18964_20000923_0.tbf;data/native/18964_20000923_0.txt
Native;18964_20000923_1.tbf;data/native/18964_20000923_1.txt
Native;18968_20000223.tbf;data/native/18968_20000223.txt
Native;19004_20000725.tbf;data/native/19004_20000725.txt
Native;1901_20001203_0.tbf;data/native/1901_20001203_0.txt
Native;1901_20001203_1.tbf;data/native/1901_20001203_1.txt
Native;19061_20000426_0.tbf;data/native/19061_20000426_0.txt
Native;19061_20000426_1.tbf;data/native/19061_20000426_1.txt
Native;19111_20000923.tbf;data/native/19111_20000923.txt
Native;19134_20000426.tbf;data/native/19134_20000426.txt
Native;1925_20001103.tbf;data/native/1925_20001103.txt
Native;2000060104_5-1.tbf;data/native/2000060104_5-1.txt
Native;2000060104_5-2.tbf;data/native/2000060104_5-2.txt
Native;2000060111_5-1.tbf;data/native/2000060111_5-1.txt
Native;2000060111_5-2.tbf;data/native/2000060111_5-2.txt
Native;2000060111_5-3.tbf;data/native/2000060111_5-3.txt
Native;2000060204_5-1.tbf;data/native/2000060204_5-1.txt
Native;2000060204_5-2.tbf;data/native/2000060204_5-2.txt
Native;2000060204_5-3.tbf;data/native/2000060204_5-3.txt
Native;2000060211_6-1.tbf;data/native/2000060211_6-1.txt
Native;2000060211_6-2.tbf;data/native/2000060211_6-2.txt
Native;2000060211_6-3.tbf;data/native/2000060211_6-3.txt
Native;204_C-1.tbf;data/native/204_C-1.txt
Native;204_C-2.tbf;data/native/204_C-2.txt
Native;204_c-3.tbf;data/native/204_c-3.txt
Native;204_c-4.tbf;data/native/204_c-4.txt
Native;204_c-5.tbf;data/native/204_c-5.txt
Native;204_c-6.tbf;data/native/204_c-6.txt
Native;211_C-1.tbf;data/native/211_C-1.txt
Native;211_C-2.tbf;data/native/211_C-2.txt
Native;211_C-3.tbf;data/native/211_C-3.txt
Native;211_C-4.tbf;data/native/211_C-4.txt
Native;211_C-5.tbf;data/native/211_C-5.txt
Native;211_C-6.tbf;data/native/211_C-6.txt
Native;a1-0.tbf;data/native/a1-0.txt
Native;a1-1.tbf;data/native/a1-1.txt
Native;a1-2.tbf;data/native/a1-2.txt
Native;a1-3.tbf;data/native/a1-3.txt
Native;a1-4.tbf;data/native/a1-4.txt
Native;a1-5.tbf;data/native/a1-5.txt
Native;a1-6.tbf;data/native/a1-6.txt
Native;a1-7.tbf;data/native/a1-7.txt
Native;a12-0.tbf;data/native/a12-0.txt
Native;a12-1.tbf;data/native/a12-1.txt
Native;a12-2.tbf;data/native/a12-2.txt
Native;a12-3.tbf;data/native/a12-3.txt
Native;a12-4.tbf;data/native/a12-4.txt
Native;a14-0.tbf;data/native/a14-0.txt
Native;a14-1.tbf;data/native/a14-1.txt
Native;a14-2.tbf;data/native/a14-2.txt
Native;a14-3.tbf;data/native/a14-3.txt
Native;a15-0.tbf;data/native/a15-0.txt
Native;a15-1.tbf;data/native/a15-1.txt
Native;a15-2.tbf;data/native/a15-2.txt
Native;a15-3.tbf;data/native/a15-3.txt
Native;a15-4.tbf;data/native/a15-4.txt
Native;a15-5.tbf;data/native/a15-5.txt
Native;a15-6.tbf;data/native/a15-6.txt
Native;a15-7.tbf;data/native/a15-7.txt
Native;a15-8.tbf;data/native/a15-8.txt
Native;a19-0.tbf;data/native/a19-0.txt
Native;a2-0.tbf;data/native/a2-0.txt
Native;a20-0.tbf;data/native/a20-0.txt
Native;a20-1.tbf;data/native/a20-1.txt
Native;a22-0.tbf;data/native/a22-0.txt
Native;a22-1.tbf;data/native/a22-1.txt
Native;a22-2.tbf;data/native/a22-2.txt
Native;a22-3.tbf;data/native/a22-3.txt
Native;a22-4.tbf;data/native/a22-4.txt
Native;a22-5.tbf;data/native/a22-5.txt
Native;a27-0.tbf;data/native/a27-0.txt
Native;a4-0.tbf;data/native/a4-0.txt
Native;c1-0.tbf;data/native/c1-0.txt
Native;c1-1.tbf;data/native/c1-1.txt
Native;c1-2.tbf;data/native/c1-2.txt
Native;c1-3.tbf;data/native/c1-3.txt
Native;c1-4.tbf;data/native/c1-4.txt
Native;c1-5.tbf;data/native/c1-5.txt
Native;c1-6.tbf;data/native/c1-6.txt
Native;c2-0.tbf;data/native/c2-0.txt
Native;c2-1.tbf;data/native/c2-1.txt
Native;c2-2.tbf;data/native/c2-2.txt
Native;c2-3.tbf;data/native/c2-3.txt
Native;c2-4.tbf;data/native/c2-4.txt
Native;c2-5.tbf;data/native/c2-5.txt
Native;c2-6.tbf;data/native/c2-6.txt
Native;c4-0.tbf;data/native/c4-0.txt
Native;c4-1.tbf;data/native/c4-1.txt
Native;c4-2.tbf;data/native/c4-2.txt
Native;c5-0.tbf;data/native/c5-0.txt
Native;c5-1.tbf;data/native/c5-1.txt
Native;c5-2.tbf;data/native/c5-2.txt
Native;d1-0.tbf;data/native/d1-0.txt
Native;d1-1.tbf;data/native/d1-1.txt
Native;d1-10.tbf;data/native/d1-10.txt
Native;d1-11.tbf;data/native/d1-11.txt
Native;d1-12.tbf;data/native/d1-12.txt
Native;d1-13.tbf;data/native/d1-13.txt
Native;d1-14.tbf;data/native/d1-14.txt
Native;d1-15.tbf;data/native/d1-15.txt
Native;d1-16.tbf;data/native/d1-16.txt
Native;d1-2.tbf;data/native/d1-2.txt
Native;d1-3.tbf;data/native/d1-3.txt
Native;d1-4.tbf;data/native/d1-4.txt
Native;d1-5.tbf;data/native/d1-5.txt
Native;d1-6.tbf;data/native/d1-6.txt
Native;d1-7.tbf;data/native/d1-7.txt
Native;d1-8.tbf;data/native/d1-8.txt
Native;d1-9.tbf;data/native/d1-9.txt
Native;d2-0.tbf;data/native/d2-0.txt
Native;d2-1.tbf;data/native/d2-1.txt
Native;d2-10.tbf;data/native/d2-10.txt
Native;d2-11.tbf;data/native/d2-11.txt
Native;d2-12.tbf;data/native/d2-12.txt
Native;d2-13.tbf;data/native/d2-13.txt
Native;d2-14.tbf;data/native/d2-14.txt
Native;d2-15.tbf;data/native/d2-15.txt
Native;d2-16.tbf;data/native/d2-16.txt
Native;d2-17.tbf;data/native/d2-17.txt
Native;d2-18.tbf;data/native/d2-18.txt
Native;d2-2.tbf;data/native/d2-2.txt
Native;d2-3.tbf;data/native/d2-3.txt
Native;d2-4.tbf;data/native/d2-4.txt
Native;d2-5.tbf;data/native/d2-5.txt
Native;d2-6.tbf;data/native/d2-6.txt
Native;d2-7.tbf;data/native/d2-7.txt
Native;d2-8.tbf;data/native/d2-8.txt
Native;d2-9.tbf;data/native/d2-9.txt
Native;dc1-0.tbf;data/native/dc1-0.txt
Native;dc1-1.tbf;data/native/dc1-1.txt
Native;dc1-10.tbf;data/native/dc1-10.txt
Native;dc1-11.tbf;data/native/dc1-11.txt
Native;dc1-12.tbf;data/native/dc1-12.txt
Native;dc1-13.tbf;data/native/dc1-13.txt
Native;dc1-14.tbf;data/native/dc1-14.txt
Native;dc1-15.tbf;data/native/dc1-15.txt
Native;dc1-16.tbf;data/native/dc1-16.txt
Native;dc1-17.tbf;data/native/dc1-17.txt
Native;dc1-2.tbf;data/native/dc1-2.txt
Native;dc1-3.tbf;data/native/dc1-3.txt
Native;dc1-4.tbf;data/native/dc1-4.txt
Native;dc1-5.tbf;data/native/dc1-5.txt
Native;dc1-6.tbf;data/native/dc1-6.txt
Native;dc1-7.tbf;data/native/dc1-7.txt
Native;dc1-8.tbf;data/native/dc1-8.txt
Native;dc1-9.tbf;data/native/dc1-9.txt
Native;dc10-0.tbf;data/native/dc10-0.txt
Native;dc10-1.tbf;data/native/dc10-1.txt
Native;dc10-10.tbf;data/native/dc10-10.txt
Native;dc10-11.tbf;data/native/dc10-11.txt
Native;dc10-12.tbf;data/native/dc10-12.txt
Native;dc10-13.tbf;data/native/dc10-13.txt
Native;dc10-2.tbf;data/native/dc10-2.txt
Native;dc10-3.tbf;data/native/dc10-3.txt
Native;dc10-4.tbf;data/native/dc10-4.txt
Native;dc10-5.tbf;data/native/dc10-5.txt
Native;dc10-6.tbf;data/native/dc10-6.txt
Native;dc10-7.tbf;data/native/dc10-7.txt
Native;dc10-8.tbf;data/native/dc10-8.txt
Native;dc10-9.tbf;data/native/dc10-9.txt
Native;dc2-0.tbf;data/native/dc2-0.txt
Native;dc2-1.tbf;data/native/dc2-1.txt
Native;dc2-10.tbf;data/native/dc2-10.txt
Native;dc2-11.tbf;data/native/dc2-11.txt
Native;dc2-12.tbf;data/native/dc2-12.txt
Native;dc2-13.tbf;data/native/dc2-13.txt
Native;dc2-2.tbf;data/native/dc2-2.txt
Native;dc2-3.tbf;data/native/dc2-3.txt
Native;dc2-4.tbf;data/native/dc2-4.txt
Native;dc2-5.tbf;data/native/dc2-5.txt
Native;dc2-6.tbf;data/native/dc2-6.txt
Native;dc2-7.tbf;data/native/dc2-7.txt
Native;dc2-8.tbf;data/native/dc2-8.txt
Native;dc2-9.tbf;data/native/dc2-9.txt
Native;dc3-0.tbf;data/native/dc3-0.txt
Native;dc3-1.tbf;data/native/dc3-1.txt
Native;dc3-10.tbf;data/native/dc3-10.txt
Native;dc3-11.tbf;data/native/dc3-11.txt
Native;dc3-12.tbf;data/native/dc3-12.txt
Native;dc3-13.tbf;data/native/dc3-13.txt
Native;dc3-14.tbf;data/native/dc3-14.txt
Native;dc3-2.tbf;data/native/dc3-2.txt
Native;dc3-3.tbf;data/native/dc3-3.txt
Native;dc3-4.tbf;data/native/dc3-4.txt
Native;dc3-5.tbf;data/native/dc3-5.txt
Native;dc3-6.tbf;data/native/dc3-6.txt
Native;dc3-7.tbf;data/native/dc3-7.txt
Native;dc3-8.tbf;data/native/dc3-8.txt
Native;dc3-9.tbf;data/native/dc3-9.txt
Native;e1-0.tbf;data/native/e1-0.txt
Native;e1-1.tbf;data/native/e1-1.txt
Native;e1-2.tbf;data/native/e1-2.txt
Native;e1-3.tbf;data/native/e1-3.txt
Native;e1-4.tbf;data/native/e1-4.txt
Native;e2-0.tbf;data/native/e2-0.txt
Native;e2-1.tbf;data/native/e2-1.txt
Native;e2-2.tbf;data/native/e2-2.txt
Native;e2-3.tbf;data/native/e2-3.txt
Native;e3-0.tbf;data/native/e3-0.txt
Native;e3-1.tbf;data/native/e3-1.txt
Native;e3-2.tbf;data/native/e3-2.txt
Native;e3-3.tbf;data/native/e3-3.txt
Native;n1-0.tbf;data/native/n1-0.txt
Native;n1-1.tbf;data/native/n1-1.txt
Native;n1-10.tbf;data/native/n1-10.txt
Native;n1-11.tbf;data/native/n1-11.txt
Native;n1-12.tbf;data/native/n1-12.txt
Native;n1-13.tbf;data/native/n1-13.txt
Native;n1-14.tbf;data/native/n1-14.txt
Native;n1-15.tbf;data/native/n1-15.txt
Native;n1-2.tbf;data/native/n1-2.txt
Native;n1-3.tbf;data/native/n1-3.txt
Native;n1-4.tbf;data/native/n1-4.txt
Native;n1-5.tbf;data/native/n1-5.txt
Native;n1-6.tbf;data/native/n1-6.txt
Native;n1-7.tbf;data/native/n1-7.txt
Native;n1-8.tbf;data/native/n1-8.txt
Native;n1-9.tbf;data/native/n1-9.txt
Native;r2-0.tbf;data/native/r2-0.txt
Native;r2-1.tbf;data/native/r2-1.txt
Native;r2-10.tbf;data/native/r2-10.txt
Native;r2-11.tbf;data/native/r2-11.txt
Native;r2-12.tbf;data/native/r2-12.txt
Native;r2-2.tbf;data/native/r2-2.txt
Native;r2-3.tbf;data/native/r2-3.txt
Native;r2-4.tbf;data/native/r2-4.txt
Native;r2-5.tbf;data/native/r2-5.txt
Native;r2-6.tbf;data/native/r2-6.txt
Native;r2-7.tbf;data/native/r2-7.txt
Native;r2-8.tbf;data/native/r2-8.txt
Native;r2-9.tbf;data/native/r2-9.txt
Native;t1-0.tbf;data/native/t1-0.txt
Native;t1-1.tbf;data/native/t1-1.txt
Native;t1-2.tbf;data/native/t1-2.txt
Native;t1-3.tbf;data/native/t1-3.txt
Native;t1-4.tbf;data/native/t1-4.txt
Native;t1-5.tbf;data/native/t1-5.txt
Native;t1-6.tbf;data/native/t1-6.txt
Native;t3-0.tbf;data/native/t3-0.txt
Native;t3-1.tbf;data/native/t3-1.txt
Native;t3-2.tbf;data/native/t3-2.txt
Native;t3-3.tbf;data/native/t3-3.txt
Native;t3-4.tbf;data/native/t3-4.txt
Native;t3-5.tbf;data/native/t3-5.txt
Native;t3-6.tbf;data/native/t3-6.txt
Native;t4-0.tbf;data/native/t4-0.txt
Native;t4-1.tbf;data/native/t4-1.txt
Native;t4-10.tbf;data/native/t4-10.txt
Native;t4-11.tbf;data/native/t4-11.txt
Native;t4-12.tbf;data/native/t4-12.txt
Native;t4-13.tbf;data/native/t4-13.txt
Native;t4-2.tbf;data/native/t4-2.txt
Native;t4-3.tbf;data/native/t4-3.txt
Native;t4-4.tbf;data/native/t4-4.txt
Native;t4-5.tbf;data/native/t4-5.txt
Native;t4-6.tbf;data/native/t4-6.txt
Native;t4-7.tbf;data/native/t4-7.txt
Native;t4-8.tbf;data/native/t4-8.txt
Native;t4-9.tbf;data/native/t4-9.txt
Native;t5-0.tbf;data/native/t5-0.txt
Native;t5-1.tbf;data/native/t5-1.txt
Native;t5-10.tbf;data/native/t5-10.txt
Native;t5-2.tbf;data/native/t5-2.txt
Native;t5-3.tbf;data/native/t5-3.txt
Native;t5-4.tbf;data/native/t5-4.txt
Native;t5-5.tbf;data/native/t5-5.txt
Native;t5-6.tbf;data/native/t5-6.txt
Native;t5-7.tbf;data/native/t5-7.txt
Native;t5-8.tbf;data/native/t5-8.txt
Native;t5-9.tbf;data/native/t5-9.txt
Native;t6-0.tbf;data/native/t6-0.txt
Native;t6-1.tbf;data/native/t6-1.txt
Native;t6-2.tbf;data/native/t6-2.txt
Native;t6-3.tbf;data/native/t6-3.txt
Native;t6-4.tbf;data/native/t6-4.txt
Native;t6-5.tbf;data/native/t6-5.txt
Native;t6-6.tbf;data/native/t6-6.txt
